bowler,balls,runs_conceded,wickets,teams_faced,economy,sr
A Kamboj,420,650,420,9,9.29,1.0
A Nortje,72,126,72,3,10.5,1.0
AD Russell,114,218,114,8,11.47,1.0
AJ Hosein,151,198,151,6,7.87,1.0
AK Markram,107,185,107,7,10.37,1.0
AM Ghazanfar,194,320,194,8,9.9,1.0
AR Patel,463,641,463,9,8.31,1.0
AS Roy,189,262,189,7,8.32,1.0
Abhinandan Singh,60,122,60,3,12.2,1.0
Abhishek Sharma,96,162,96,7,10.12,1.0
Akash Deep,127,230,127,5,10.87,1.0
Akash Madhwal,97,167,97,4,10.33,1.0
Akash Singh,115,179,115,5,9.34,1.0
Arshad Khan,209,337,209,8,9.67,1.0
Arshdeep Singh,692,1017,692,9,8.82,1.0
Ashok Sharma,136,233,136,6,10.28,1.0
Ashwani Kumar,196,336,196,6,10.29,1.0
Auqib Nabi,72,128,72,3,10.67,1.0
Avesh Khan,450,765,450,9,10.2,1.0
Azmatullah Omarzai,219,356,219,7,9.75,1.0
B Kumar,634,886,634,9,8.38,1.0
Brijesh Sharma,227,351,227,8,9.28,1.0
C Bosch,127,184,127,5,8.69,1.0
C Green,111,196,111,7,10.59,1.0
CV Varun,512,689,512,9,8.07,1.0
DL Chahar,381,581,381,9,9.15,1.0
DS Rathi,543,795,543,9,8.78,1.0
E Malinga,467,681,467,9,8.75,1.0
Fazalhaq Farooqi,104,211,104,5,12.17,1.0
G Coetzee,76,133,76,3,10.5,1.0
GJ Maxwell,82,111,82,6,8.12,1.0
Gurjapneet Singh,131,202,131,6,9.25,1.0
HH Pandya,367,592,367,9,9.68,1.0
HV Patel,346,549,346,9,9.52,1.0
Harpreet Brar,183,250,183,5,8.2,1.0
Harsh Dubey,200,328,200,7,9.84,1.0
Harshit Rana,276,457,276,9,9.93,1.0
I Sharma,117,210,117,6,10.77,1.0
J Overton,217,338,217,8,9.35,1.0
JA Duffy,104,187,104,4,10.79,1.0
JC Archer,597,891,597,9,8.95,1.0
JD Unadkat,224,322,224,8,8.62,1.0
JJ Bumrah,582,716,582,9,7.38,1.0
JO Holder,163,183,163,6,6.74,1.0
JR Hazlewood,515,764,515,8,8.9,1.0
K Rabada,399,630,399,9,9.47,1.0
KA Jamieson,136,237,136,3,10.46,1.0
KH Pandya,537,744,537,9,8.31,1.0
KK Ahmed,396,603,396,9,9.14,1.0
KV Sharma,91,133,91,4,8.77,1.0
Kartik Tyagi,268,412,268,8,9.22,1.0
Kuldeep Yadav,525,747,525,9,8.54,1.0
L Ngidi,281,396,281,9,8.46,1.0
LH Ferguson,146,248,146,5,10.19,1.0
M Jansen,569,905,569,9,9.54,1.0
M Pathirana,294,439,294,9,8.96,1.0
M Prasidh Krishna,544,798,544,9,8.8,1.0
M Siddharth,135,213,135,5,9.47,1.0
M Theekshana,271,412,271,9,9.12,1.0
M Tiwari,60,85,60,2,8.5,1.0
MA Starc,367,612,367,9,10.01,1.0
MJ Henry,61,131,61,3,12.89,1.0
MJ Santner,334,442,334,8,7.94,1.0
MM Ali,99,136,99,3,8.24,1.0
MM Sharma,163,259,163,8,9.53,1.0
MP Stoinis,144,275,144,8,11.46,1.0
MP Yadav,154,283,154,5,11.03,1.0
Mohammed Shami,488,771,488,10,9.48,1.0
Mohammed Siraj,667,959,667,9,8.63,1.0
Mohsin Khan,147,187,147,5,7.63,1.0
Mukesh Choudhary,190,292,190,5,9.22,1.0
Mukesh Kumar,459,768,459,9,10.04,1.0
Mustafizur Rahman,66,87,66,3,7.91,1.0
N Burger,205,357,205,9,10.45,1.0
Nithish Kumar Reddy,212,351,212,9,9.93,1.0
Noor Ahmad,609,818,609,9,8.06,1.0
PJ Cummins,461,657,461,9,8.55,1.0
PP Hinge,142,253,142,4,10.69,1.0
PVD Chameera,123,216,123,6,10.54,1.0
PWH de Silva,251,376,251,7,8.99,1.0
Prince Yadav,456,663,456,9,8.72,1.0
R Ashwin,189,286,189,6,9.08,1.0
R Parag,153,209,153,8,8.2,1.0
R Sai Kishore,286,442,286,9,9.27,1.0
R Shepherd,222,407,222,8,11.0,1.0
RA Jadeja,390,535,390,10,8.23,1.0
Raghu Sharma,60,82,60,3,8.2,1.0
Rashid Khan,617,932,617,9,9.06,1.0
Rasikh Salam,237,375,237,6,9.49,1.0
Ravi Bishnoi,397,661,397,10,9.99,1.0
SH Johnson,117,200,117,5,10.26,1.0
SM Curran,74,135,74,4,10.95,1.0
SN Thakur,350,605,350,9,10.37,1.0
SP Narine,536,652,536,9,7.3,1.0
Sakib Hussain,226,314,226,7,8.34,1.0
Sandeep Sharma,370,601,370,9,9.75,1.0
Shahbaz Ahmed,126,233,126,5,11.1,1.0
Shivang Kumar,215,325,215,7,9.07,1.0
Simarjeet Singh,63,146,63,4,13.9,1.0
Suyash Sharma,539,798,539,9,8.88,1.0
T Natarajan,230,410,230,8,10.7,1.0
TA Boult,464,708,464,9,9.16,1.0
TU Deshpande,345,590,345,9,10.26,1.0
V Nigam,301,478,301,9,9.53,1.0
V Puthur,73,109,73,5,8.96,1.0
VG Arora,513,827,513,9,9.67,1.0
Vijaykumar Vyshak,288,488,288,7,10.17,1.0
W O'Rourke,64,132,64,3,12.38,1.0
WG Jacks,129,196,129,7,9.12,1.0
Washington Sundar,110,173,110,7,9.44,1.0
XC Bartlett,269,486,269,9,10.84,1.0
YS Chahal,515,795,515,9,9.26,1.0
Yash Dayal,305,479,305,9,9.42,1.0
Yash Raj Punja,123,169,123,5,8.24,1.0
Yash Thakur,69,135,69,3,11.74,1.0
Yudhvir Singh,71,132,71,4,11.15,1.0
Zeeshan Ansari,209,334,209,7,9.59,1.0
