match_id,date,venue,season,team1,team2,winner
1473438,2025-03-22,"Eden Gardens, Kolkata",2025,Kolkata Knight Riders,Royal Challengers Bengaluru,Royal Challengers Bengaluru
1473439,2025-03-23,"Rajiv Gandhi International Stadium, Uppal, Hyderabad",2025,Sunrisers Hyderabad,Rajasthan Royals,Sunrisers Hyderabad
1473440,2025-03-23,"MA Chidambaram Stadium, Chepauk, Chennai",2025,Mumbai Indians,Chennai Super Kings,Chennai Super Kings
1473441,2025-03-24,"Dr. Y.S. Rajasekhara Reddy ACA-VDCA Cricket Stadium, Visakhapatnam",2025,Lucknow Super Giants,Delhi Capitals,Delhi Capitals
1473442,2025-03-25,"Narendra Modi Stadium, Ahmedabad",2025,Punjab Kings,Gujarat Titans,Punjab Kings
1473443,2025-03-26,"Barsapara Cricket Stadium, Guwahati",2025,Rajasthan Royals,Kolkata Knight Riders,Kolkata Knight Riders
1473444,2025-03-27,"Rajiv Gandhi International Stadium, Uppal, Hyderabad",2025,Sunrisers Hyderabad,Lucknow Super Giants,Lucknow Super Giants
1473445,2025-03-28,"MA Chidambaram Stadium, Chepauk, Chennai",2025,Royal Challengers Bengaluru,Chennai Super Kings,Royal Challengers Bengaluru
1473446,2025-03-29,"Narendra Modi Stadium, Ahmedabad",2025,Gujarat Titans,Mumbai Indians,Gujarat Titans
1473447,2025-03-30,"Dr. Y.S. Rajasekhara Reddy ACA-VDCA Cricket Stadium, Visakhapatnam",2025,Sunrisers Hyderabad,Delhi Capitals,Delhi Capitals
1473448,2025-03-30,"Barsapara Cricket Stadium, Guwahati",2025,Rajasthan Royals,Chennai Super Kings,Rajasthan Royals
1473449,2025-03-31,"Wankhede Stadium, Mumbai",2025,Kolkata Knight Riders,Mumbai Indians,Mumbai Indians
1473450,2025-04-01,"Bharat Ratna Shri Atal Bihari Vajpayee Ekana Cricket Stadium, Lucknow",2025,Lucknow Super Giants,Punjab Kings,Punjab Kings
1473451,2025-04-02,"M Chinnaswamy Stadium, Bengaluru",2025,Royal Challengers Bengaluru,Gujarat Titans,Gujarat Titans
1473452,2025-04-03,"Eden Gardens, Kolkata",2025,Kolkata Knight Riders,Sunrisers Hyderabad,Kolkata Knight Riders
1473453,2025-04-04,"Bharat Ratna Shri Atal Bihari Vajpayee Ekana Cricket Stadium, Lucknow",2025,Lucknow Super Giants,Mumbai Indians,Lucknow Super Giants
1473454,2025-04-05,"MA Chidambaram Stadium, Chepauk, Chennai",2025,Delhi Capitals,Chennai Super Kings,Delhi Capitals
1473455,2025-04-05,"Maharaja Yadavindra Singh International Cricket Stadium, Mullanpur",2025,Rajasthan Royals,Punjab Kings,Rajasthan Royals
1473456,2025-04-08,"Eden Gardens, Kolkata",2025,Lucknow Super Giants,Kolkata Knight Riders,Lucknow Super Giants
1473457,2025-04-06,"Rajiv Gandhi International Stadium, Uppal, Hyderabad",2025,Sunrisers Hyderabad,Gujarat Titans,Gujarat Titans
1473458,2025-04-07,"Wankhede Stadium, Mumbai",2025,Royal Challengers Bengaluru,Mumbai Indians,Royal Challengers Bengaluru
1473459,2025-04-08,"Maharaja Yadavindra Singh International Cricket Stadium, Mullanpur",2025,Punjab Kings,Chennai Super Kings,Punjab Kings
1473460,2025-04-09,"Narendra Modi Stadium, Ahmedabad",2025,Gujarat Titans,Rajasthan Royals,Gujarat Titans
1473461,2025-04-10,"M Chinnaswamy Stadium, Bengaluru",2025,Royal Challengers Bengaluru,Delhi Capitals,Delhi Capitals
1473462,2025-04-11,"MA Chidambaram Stadium, Chepauk, Chennai",2025,Chennai Super Kings,Kolkata Knight Riders,Kolkata Knight Riders
1473463,2025-04-12,"Bharat Ratna Shri Atal Bihari Vajpayee Ekana Cricket Stadium, Lucknow",2025,Gujarat Titans,Lucknow Super Giants,Lucknow Super Giants
1473464,2025-04-12,"Rajiv Gandhi International Stadium, Uppal, Hyderabad",2025,Punjab Kings,Sunrisers Hyderabad,Sunrisers Hyderabad
1473465,2025-04-13,"Sawai Mansingh Stadium, Jaipur",2025,Rajasthan Royals,Royal Challengers Bengaluru,Royal Challengers Bengaluru
1473466,2025-04-13,"Arun Jaitley Stadium, Delhi",2025,Mumbai Indians,Delhi Capitals,Mumbai Indians
1473467,2025-04-14,"Bharat Ratna Shri Atal Bihari Vajpayee Ekana Cricket Stadium, Lucknow",2025,Lucknow Super Giants,Chennai Super Kings,Chennai Super Kings
1473468,2025-04-15,"Maharaja Yadavindra Singh International Cricket Stadium, Mullanpur",2025,Punjab Kings,Kolkata Knight Riders,Punjab Kings
1473469,2025-04-16,"Arun Jaitley Stadium, Delhi",2025,Delhi Capitals,Rajasthan Royals,No Result
1473470,2025-04-17,"Wankhede Stadium, Mumbai",2025,Sunrisers Hyderabad,Mumbai Indians,Mumbai Indians
1473471,2025-04-18,"M Chinnaswamy Stadium, Bengaluru",2025,Royal Challengers Bengaluru,Punjab Kings,Punjab Kings
1473472,2025-04-19,"Narendra Modi Stadium, Ahmedabad",2025,Delhi Capitals,Gujarat Titans,Gujarat Titans
1473473,2025-04-19,"Sawai Mansingh Stadium, Jaipur",2025,Lucknow Super Giants,Rajasthan Royals,Lucknow Super Giants
1473474,2025-04-20,"Maharaja Yadavindra Singh International Cricket Stadium, Mullanpur",2025,Punjab Kings,Royal Challengers Bengaluru,Royal Challengers Bengaluru
1473475,2025-04-20,"Wankhede Stadium, Mumbai",2025,Chennai Super Kings,Mumbai Indians,Mumbai Indians
1473476,2025-04-21,"Eden Gardens, Kolkata",2025,Gujarat Titans,Kolkata Knight Riders,Gujarat Titans
1473477,2025-04-22,"Bharat Ratna Shri Atal Bihari Vajpayee Ekana Cricket Stadium, Lucknow",2025,Lucknow Super Giants,Delhi Capitals,Delhi Capitals
1473478,2025-04-23,"Rajiv Gandhi International Stadium, Uppal, Hyderabad",2025,Sunrisers Hyderabad,Mumbai Indians,Mumbai Indians
1473479,2025-04-24,"M Chinnaswamy Stadium, Bengaluru",2025,Royal Challengers Bengaluru,Rajasthan Royals,Royal Challengers Bengaluru
1473480,2025-04-25,"MA Chidambaram Stadium, Chepauk, Chennai",2025,Chennai Super Kings,Sunrisers Hyderabad,Sunrisers Hyderabad
1473481,2025-04-26,"Eden Gardens, Kolkata",2025,Punjab Kings,Kolkata Knight Riders,No Result
1473482,2025-04-27,"Wankhede Stadium, Mumbai",2025,Mumbai Indians,Lucknow Super Giants,Mumbai Indians
1473483,2025-04-27,"Arun Jaitley Stadium, Delhi",2025,Delhi Capitals,Royal Challengers Bengaluru,Royal Challengers Bengaluru
1473484,2025-04-28,"Sawai Mansingh Stadium, Jaipur",2025,Gujarat Titans,Rajasthan Royals,Rajasthan Royals
1473485,2025-04-29,"Arun Jaitley Stadium, Delhi",2025,Kolkata Knight Riders,Delhi Capitals,Kolkata Knight Riders
1473486,2025-04-30,"MA Chidambaram Stadium, Chepauk, Chennai",2025,Chennai Super Kings,Punjab Kings,Punjab Kings
1473487,2025-05-01,"Sawai Mansingh Stadium, Jaipur",2025,Mumbai Indians,Rajasthan Royals,Mumbai Indians
1473488,2025-05-02,"Narendra Modi Stadium, Ahmedabad",2025,Gujarat Titans,Sunrisers Hyderabad,Gujarat Titans
1473489,2025-05-03,"M Chinnaswamy Stadium, Bengaluru",2025,Royal Challengers Bengaluru,Chennai Super Kings,Royal Challengers Bengaluru
1473490,2025-05-04,"Eden Gardens, Kolkata",2025,Kolkata Knight Riders,Rajasthan Royals,Kolkata Knight Riders
1473491,2025-05-04,"Himachal Pradesh Cricket Association Stadium, Dharamsala",2025,Punjab Kings,Lucknow Super Giants,Punjab Kings
1473492,2025-05-05,"Rajiv Gandhi International Stadium, Uppal, Hyderabad",2025,Delhi Capitals,Sunrisers Hyderabad,No Result
1473493,2025-05-06,"Wankhede Stadium, Mumbai",2025,Mumbai Indians,Gujarat Titans,Gujarat Titans
1473494,2025-05-07,"Eden Gardens, Kolkata",2025,Kolkata Knight Riders,Chennai Super Kings,Chennai Super Kings
1473495,2025-05-08,"Himachal Pradesh Cricket Association Stadium, Dharamsala",2025,Punjab Kings,Delhi Capitals,No Result
1473497,2025-05-18,"Sawai Mansingh Stadium, Jaipur",2025,Punjab Kings,Rajasthan Royals,Punjab Kings
1473498,2025-05-18,"Arun Jaitley Stadium, Delhi",2025,Delhi Capitals,Gujarat Titans,Gujarat Titans
1473499,2025-05-19,"Bharat Ratna Shri Atal Bihari Vajpayee Ekana Cricket Stadium, Lucknow",2025,Lucknow Super Giants,Sunrisers Hyderabad,Sunrisers Hyderabad
1473500,2025-05-20,"Arun Jaitley Stadium, Delhi",2025,Chennai Super Kings,Rajasthan Royals,Rajasthan Royals
1473501,2025-05-21,"Wankhede Stadium, Mumbai",2025,Mumbai Indians,Delhi Capitals,Mumbai Indians
1473502,2025-05-22,"Narendra Modi Stadium, Ahmedabad",2025,Lucknow Super Giants,Gujarat Titans,Lucknow Super Giants
1473503,2025-05-23,"Bharat Ratna Shri Atal Bihari Vajpayee Ekana Cricket Stadium, Lucknow",2025,Sunrisers Hyderabad,Royal Challengers Bengaluru,Sunrisers Hyderabad
1473504,2025-05-25,"Narendra Modi Stadium, Ahmedabad",2025,Chennai Super Kings,Gujarat Titans,Chennai Super Kings
1473505,2025-05-25,"Arun Jaitley Stadium, Delhi",2025,Sunrisers Hyderabad,Kolkata Knight Riders,Sunrisers Hyderabad
1473506,2025-05-26,"Sawai Mansingh Stadium, Jaipur",2025,Mumbai Indians,Punjab Kings,Punjab Kings
1473507,2025-05-27,"Bharat Ratna Shri Atal Bihari Vajpayee Ekana Cricket Stadium, Lucknow",2025,Lucknow Super Giants,Royal Challengers Bengaluru,Royal Challengers Bengaluru
1473508,2025-05-29,"Maharaja Yadavindra Singh International Cricket Stadium, Mullanpur",2025,Punjab Kings,Royal Challengers Bengaluru,Royal Challengers Bengaluru
1473509,2025-05-30,"Maharaja Yadavindra Singh International Cricket Stadium, New Chandigarh",2025,Mumbai Indians,Gujarat Titans,Mumbai Indians
1473510,2025-06-01,"Narendra Modi Stadium, Ahmedabad",2025,Mumbai Indians,Punjab Kings,Punjab Kings
1473511,2025-06-03,"Narendra Modi Stadium, Ahmedabad",2025,Royal Challengers Bengaluru,Punjab Kings,Royal Challengers Bengaluru
1485779,2025-05-24,"Sawai Mansingh Stadium, Jaipur",2025,Punjab Kings,Delhi Capitals,Delhi Capitals
1527674,2026-03-28,"M Chinnaswamy Stadium, Bengaluru",2026,Sunrisers Hyderabad,Royal Challengers Bengaluru,Royal Challengers Bengaluru
1527675,2026-03-29,"Wankhede Stadium, Mumbai",2026,Kolkata Knight Riders,Mumbai Indians,Mumbai Indians
1527676,2026-03-30,"Barsapara Cricket Stadium, Guwahati",2026,Chennai Super Kings,Rajasthan Royals,Rajasthan Royals
1527677,2026-03-31,"Maharaja Yadavindra Singh International Cricket Stadium, New Chandigarh",2026,Gujarat Titans,Punjab Kings,Punjab Kings
1527678,2026-04-01,"Bharat Ratna Shri Atal Bihari Vajpayee Ekana Cricket Stadium, Lucknow",2026,Lucknow Super Giants,Delhi Capitals,Delhi Capitals
1527679,2026-04-02,"Eden Gardens, Kolkata",2026,Sunrisers Hyderabad,Kolkata Knight Riders,Sunrisers Hyderabad
1527680,2026-04-03,"MA Chidambaram Stadium, Chepauk, Chennai",2026,Chennai Super Kings,Punjab Kings,Punjab Kings
1527681,2026-04-04,"Arun Jaitley Stadium, Delhi",2026,Mumbai Indians,Delhi Capitals,Delhi Capitals
1527682,2026-04-04,"Narendra Modi Stadium, Ahmedabad",2026,Rajasthan Royals,Gujarat Titans,Rajasthan Royals
1527683,2026-04-05,"Rajiv Gandhi International Stadium, Uppal, Hyderabad",2026,Sunrisers Hyderabad,Lucknow Super Giants,Lucknow Super Giants
1527684,2026-04-05,"M Chinnaswamy Stadium, Bengaluru",2026,Royal Challengers Bengaluru,Chennai Super Kings,Royal Challengers Bengaluru
1527685,2026-04-06,"Eden Gardens, Kolkata",2026,Kolkata Knight Riders,Punjab Kings,No Result
1527686,2026-04-07,"Barsapara Cricket Stadium, Guwahati",2026,Rajasthan Royals,Mumbai Indians,Rajasthan Royals
1527687,2026-04-08,"Arun Jaitley Stadium, Delhi",2026,Gujarat Titans,Delhi Capitals,Gujarat Titans
1527688,2026-04-09,"Eden Gardens, Kolkata",2026,Kolkata Knight Riders,Lucknow Super Giants,Lucknow Super Giants
1527689,2026-04-10,"Barsapara Cricket Stadium, Guwahati",2026,Royal Challengers Bengaluru,Rajasthan Royals,Rajasthan Royals
1527690,2026-04-11,"Maharaja Yadavindra Singh International Cricket Stadium, New Chandigarh",2026,Sunrisers Hyderabad,Punjab Kings,Punjab Kings
1527691,2026-04-11,"MA Chidambaram Stadium, Chepauk, Chennai",2026,Chennai Super Kings,Delhi Capitals,Chennai Super Kings
1527692,2026-04-12,"Bharat Ratna Shri Atal Bihari Vajpayee Ekana Cricket Stadium, Lucknow",2026,Lucknow Super Giants,Gujarat Titans,Gujarat Titans
1527693,2026-04-12,"Wankhede Stadium, Mumbai",2026,Royal Challengers Bengaluru,Mumbai Indians,Royal Challengers Bengaluru
1529264,2026-04-13,"Rajiv Gandhi International Stadium, Uppal, Hyderabad",2026,Sunrisers Hyderabad,Rajasthan Royals,Sunrisers Hyderabad
1529265,2026-04-14,"MA Chidambaram Stadium, Chepauk, Chennai",2026,Chennai Super Kings,Kolkata Knight Riders,Chennai Super Kings
1529266,2026-04-15,"M Chinnaswamy Stadium, Bengaluru",2026,Lucknow Super Giants,Royal Challengers Bengaluru,Royal Challengers Bengaluru
1529267,2026-04-16,"Wankhede Stadium, Mumbai",2026,Mumbai Indians,Punjab Kings,Punjab Kings
1529268,2026-04-17,"Narendra Modi Stadium, Ahmedabad",2026,Kolkata Knight Riders,Gujarat Titans,Gujarat Titans
1529269,2026-04-18,"M Chinnaswamy Stadium, Bengaluru",2026,Royal Challengers Bengaluru,Delhi Capitals,Delhi Capitals
1529270,2026-04-18,"Rajiv Gandhi International Stadium, Uppal, Hyderabad",2026,Sunrisers Hyderabad,Chennai Super Kings,Sunrisers Hyderabad
1529271,2026-04-19,"Eden Gardens, Kolkata",2026,Rajasthan Royals,Kolkata Knight Riders,Kolkata Knight Riders
1529272,2026-04-19,"Maharaja Yadavindra Singh International Cricket Stadium, New Chandigarh",2026,Punjab Kings,Lucknow Super Giants,Punjab Kings
1529273,2026-04-20,"Narendra Modi Stadium, Ahmedabad",2026,Mumbai Indians,Gujarat Titans,Mumbai Indians
1529274,2026-04-21,"Rajiv Gandhi International Stadium, Uppal, Hyderabad",2026,Sunrisers Hyderabad,Delhi Capitals,Sunrisers Hyderabad
1529275,2026-04-22,"Bharat Ratna Shri Atal Bihari Vajpayee Ekana Cricket Stadium, Lucknow",2026,Rajasthan Royals,Lucknow Super Giants,Rajasthan Royals
1529276,2026-04-23,"Wankhede Stadium, Mumbai",2026,Chennai Super Kings,Mumbai Indians,Chennai Super Kings
1529277,2026-04-24,"M Chinnaswamy Stadium, Bengaluru",2026,Gujarat Titans,Royal Challengers Bengaluru,Royal Challengers Bengaluru
1529278,2026-04-25,"Arun Jaitley Stadium, Delhi",2026,Delhi Capitals,Punjab Kings,Punjab Kings
1529279,2026-04-25,"Sawai Mansingh Stadium, Jaipur",2026,Rajasthan Royals,Sunrisers Hyderabad,Sunrisers Hyderabad
1529280,2026-04-26,"MA Chidambaram Stadium, Chepauk, Chennai",2026,Chennai Super Kings,Gujarat Titans,Gujarat Titans
1529281,2026-04-26,"Bharat Ratna Shri Atal Bihari Vajpayee Ekana Cricket Stadium, Lucknow",2026,Kolkata Knight Riders,Lucknow Super Giants,No Result
1529282,2026-04-27,"Arun Jaitley Stadium, Delhi",2026,Delhi Capitals,Royal Challengers Bengaluru,Royal Challengers Bengaluru
1529283,2026-04-28,"Maharaja Yadavindra Singh International Cricket Stadium, New Chandigarh",2026,Punjab Kings,Rajasthan Royals,Rajasthan Royals
1529284,2026-04-29,"Wankhede Stadium, Mumbai",2026,Mumbai Indians,Sunrisers Hyderabad,Sunrisers Hyderabad
1529285,2026-04-30,"Narendra Modi Stadium, Ahmedabad",2026,Royal Challengers Bengaluru,Gujarat Titans,Gujarat Titans
1529286,2026-05-01,"Sawai Mansingh Stadium, Jaipur",2026,Rajasthan Royals,Delhi Capitals,Delhi Capitals
1529287,2026-05-02,"MA Chidambaram Stadium, Chepauk, Chennai",2026,Mumbai Indians,Chennai Super Kings,Chennai Super Kings
1529288,2026-05-03,"Rajiv Gandhi International Stadium, Uppal, Hyderabad",2026,Sunrisers Hyderabad,Kolkata Knight Riders,Kolkata Knight Riders
1529289,2026-05-03,"Narendra Modi Stadium, Ahmedabad",2026,Punjab Kings,Gujarat Titans,Gujarat Titans
1529290,2026-05-04,"Wankhede Stadium, Mumbai",2026,Lucknow Super Giants,Mumbai Indians,Mumbai Indians
1529291,2026-05-05,"Arun Jaitley Stadium, Delhi",2026,Delhi Capitals,Chennai Super Kings,Chennai Super Kings
1529292,2026-05-06,"Rajiv Gandhi International Stadium, Uppal, Hyderabad",2026,Sunrisers Hyderabad,Punjab Kings,Sunrisers Hyderabad
1529293,2026-05-07,"Bharat Ratna Shri Atal Bihari Vajpayee Ekana Cricket Stadium, Lucknow",2026,Lucknow Super Giants,Royal Challengers Bengaluru,Lucknow Super Giants
1529294,2026-05-08,"Arun Jaitley Stadium, Delhi",2026,Delhi Capitals,Kolkata Knight Riders,Kolkata Knight Riders
1529295,2026-05-09,"Sawai Mansingh Stadium, Jaipur",2026,Gujarat Titans,Rajasthan Royals,Gujarat Titans
1529296,2026-05-10,"MA Chidambaram Stadium, Chepauk, Chennai",2026,Lucknow Super Giants,Chennai Super Kings,Chennai Super Kings
1529297,2026-05-10,"Shaheed Veer Narayan Singh International Stadium, Raipur",2026,Mumbai Indians,Royal Challengers Bengaluru,Royal Challengers Bengaluru
1529298,2026-05-11,"Himachal Pradesh Cricket Association Stadium, Dharamsala",2026,Punjab Kings,Delhi Capitals,Delhi Capitals
1529299,2026-05-12,"Narendra Modi Stadium, Ahmedabad",2026,Gujarat Titans,Sunrisers Hyderabad,Gujarat Titans
1529300,2026-05-13,"Shaheed Veer Narayan Singh International Stadium, Raipur",2026,Kolkata Knight Riders,Royal Challengers Bengaluru,Royal Challengers Bengaluru
1529301,2026-05-14,"Himachal Pradesh Cricket Association Stadium, Dharamsala",2026,Punjab Kings,Mumbai Indians,Mumbai Indians
1529302,2026-05-15,"Bharat Ratna Shri Atal Bihari Vajpayee Ekana Cricket Stadium, Lucknow",2026,Chennai Super Kings,Lucknow Super Giants,Lucknow Super Giants
1529303,2026-05-16,"Eden Gardens, Kolkata",2026,Kolkata Knight Riders,Gujarat Titans,Kolkata Knight Riders
1529304,2026-05-17,"Himachal Pradesh Cricket Association Stadium, Dharamsala",2026,Royal Challengers Bengaluru,Punjab Kings,Royal Challengers Bengaluru
1529305,2026-05-17,"Arun Jaitley Stadium, Delhi",2026,Rajasthan Royals,Delhi Capitals,Delhi Capitals
1529306,2026-05-18,"MA Chidambaram Stadium, Chepauk, Chennai",2026,Chennai Super Kings,Sunrisers Hyderabad,Sunrisers Hyderabad
1529307,2026-05-19,"Sawai Mansingh Stadium, Jaipur",2026,Lucknow Super Giants,Rajasthan Royals,Rajasthan Royals
